<?xml version="1.0" encoding="UTF-8"?>
<root>
  <item name="com.ayudevice.ayusynksdk.ble.ota.FwFileDescriptor int getFileType(android.net.Uri)">
    <annotation name="androidx.annotation.IntDef">
      <val name="value" val="{com.ayudevice.ayusynksdk.ble.ota.FwFileDescriptor.BIN, com.ayudevice.ayusynksdk.ble.ota.FwFileDescriptor.IMG, com.ayudevice.ayusynksdk.ble.ota.FwFileDescriptor.UNKNOWN}" />
    </annotation>
  </item>
  <item name="com.ayudevice.ayusynksdk.ble.ota.FwFileDescriptor int getType()">
    <annotation name="androidx.annotation.IntDef">
      <val name="value" val="{com.ayudevice.ayusynksdk.ble.ota.FwFileDescriptor.BIN, com.ayudevice.ayusynksdk.ble.ota.FwFileDescriptor.IMG, com.ayudevice.ayusynksdk.ble.ota.FwFileDescriptor.UNKNOWN}" />
    </annotation>
  </item>
  <item name="com.ayudevice.ayusynksdk.ble.ota.FwFileDescriptor mType">
    <annotation name="androidx.annotation.IntDef">
      <val name="value" val="{com.ayudevice.ayusynksdk.ble.ota.FwFileDescriptor.BIN, com.ayudevice.ayusynksdk.ble.ota.FwFileDescriptor.IMG, com.ayudevice.ayusynksdk.ble.ota.FwFileDescriptor.UNKNOWN}" />
    </annotation>
  </item>
  <item name="com.ayudevice.ayusynksdk.ble.ota.FwFileDescriptor.FirmwareFileType">
    <annotation name="androidx.annotation.IntDef">
      <val name="value" val="{com.ayudevice.ayusynksdk.ble.ota.FwFileDescriptor.BIN, com.ayudevice.ayusynksdk.ble.ota.FwFileDescriptor.IMG, com.ayudevice.ayusynksdk.ble.ota.FwFileDescriptor.UNKNOWN}" />
    </annotation>
  </item>
  <item name="com.ayudevice.ayusynksdk.ble.ota.FwUpgrade java.lang.String getErrorMessage(int) 0">
    <annotation name="androidx.annotation.IntDef">
      <val name="value" val="{com.ayudevice.ayusynksdk.ble.ota.FwUpgradeConsole.FwUpgradeCallback.ERROR_CORRUPTED_FILE, com.ayudevice.ayusynksdk.ble.ota.FwUpgradeConsole.FwUpgradeCallback.ERROR_TRANSMISSION, com.ayudevice.ayusynksdk.ble.ota.FwUpgradeConsole.FwUpgradeCallback.ERROR_INVALID_FW_FILE, com.ayudevice.ayusynksdk.ble.ota.FwUpgradeConsole.FwUpgradeCallback.ERROR_WRONG_SDK_VERSION, com.ayudevice.ayusynksdk.ble.ota.FwUpgradeConsole.FwUpgradeCallback.ERROR_WRONG_SDK_VERSION_OR_ERROR_TRANSMISSION, com.ayudevice.ayusynksdk.ble.ota.FwUpgradeConsole.FwUpgradeCallback.ERROR_UNKNOWN}" />
    </annotation>
  </item>
  <item name="com.ayudevice.ayusynksdk.ble.ota.FwUpgrade void onLoadFwError(com.ayudevice.ayusynksdk.ble.ota.FwUpgradeConsole, com.ayudevice.ayusynksdk.ble.ota.FwFileDescriptor, int) 2">
    <annotation name="androidx.annotation.IntDef">
      <val name="value" val="{com.ayudevice.ayusynksdk.ble.ota.FwUpgradeConsole.FwUpgradeCallback.ERROR_CORRUPTED_FILE, com.ayudevice.ayusynksdk.ble.ota.FwUpgradeConsole.FwUpgradeCallback.ERROR_TRANSMISSION, com.ayudevice.ayusynksdk.ble.ota.FwUpgradeConsole.FwUpgradeCallback.ERROR_INVALID_FW_FILE, com.ayudevice.ayusynksdk.ble.ota.FwUpgradeConsole.FwUpgradeCallback.ERROR_WRONG_SDK_VERSION, com.ayudevice.ayusynksdk.ble.ota.FwUpgradeConsole.FwUpgradeCallback.ERROR_WRONG_SDK_VERSION_OR_ERROR_TRANSMISSION, com.ayudevice.ayusynksdk.ble.ota.FwUpgradeConsole.FwUpgradeCallback.ERROR_UNKNOWN}" />
    </annotation>
  </item>
  <item name="com.ayudevice.ayusynksdk.ble.ota.FwUpgradeConsole boolean loadFw(int, com.ayudevice.ayusynksdk.ble.ota.FwFileDescriptor) 0">
    <annotation name="androidx.annotation.IntDef">
      <val name="value" val="{com.ayudevice.ayusynksdk.ble.ota.FirmwareType.BLE_FW, com.ayudevice.ayusynksdk.ble.ota.FirmwareType.BOARD_FW}" />
    </annotation>
  </item>
  <item name="com.ayudevice.ayusynksdk.ble.ota.FwUpgradeConsole boolean loadFw(int, com.ayudevice.ayusynksdk.ble.ota.FwFileDescriptor, long) 0">
    <annotation name="androidx.annotation.IntDef">
      <val name="value" val="{com.ayudevice.ayusynksdk.ble.ota.FirmwareType.BLE_FW, com.ayudevice.ayusynksdk.ble.ota.FirmwareType.BOARD_FW}" />
    </annotation>
  </item>
  <item name="com.ayudevice.ayusynksdk.ble.ota.FwUpgradeConsole.FwUpgradeCallback void onLoadFwError(com.ayudevice.ayusynksdk.ble.ota.FwUpgradeConsole, com.ayudevice.ayusynksdk.ble.ota.FwFileDescriptor, int) 2">
    <annotation name="androidx.annotation.IntDef">
      <val name="value" val="{com.ayudevice.ayusynksdk.ble.ota.FwUpgradeConsole.FwUpgradeCallback.ERROR_CORRUPTED_FILE, com.ayudevice.ayusynksdk.ble.ota.FwUpgradeConsole.FwUpgradeCallback.ERROR_TRANSMISSION, com.ayudevice.ayusynksdk.ble.ota.FwUpgradeConsole.FwUpgradeCallback.ERROR_INVALID_FW_FILE, com.ayudevice.ayusynksdk.ble.ota.FwUpgradeConsole.FwUpgradeCallback.ERROR_WRONG_SDK_VERSION, com.ayudevice.ayusynksdk.ble.ota.FwUpgradeConsole.FwUpgradeCallback.ERROR_WRONG_SDK_VERSION_OR_ERROR_TRANSMISSION, com.ayudevice.ayusynksdk.ble.ota.FwUpgradeConsole.FwUpgradeCallback.ERROR_UNKNOWN}" />
    </annotation>
  </item>
  <item name="com.ayudevice.ayusynksdk.ble.ota.FwUpgradeConsole.FwUpgradeCallback.UpgradeErrorType">
    <annotation name="androidx.annotation.IntDef">
      <val name="value" val="{com.ayudevice.ayusynksdk.ble.ota.FwUpgradeConsole.FwUpgradeCallback.ERROR_CORRUPTED_FILE, com.ayudevice.ayusynksdk.ble.ota.FwUpgradeConsole.FwUpgradeCallback.ERROR_TRANSMISSION, com.ayudevice.ayusynksdk.ble.ota.FwUpgradeConsole.FwUpgradeCallback.ERROR_INVALID_FW_FILE, com.ayudevice.ayusynksdk.ble.ota.FwUpgradeConsole.FwUpgradeCallback.ERROR_WRONG_SDK_VERSION, com.ayudevice.ayusynksdk.ble.ota.FwUpgradeConsole.FwUpgradeCallback.ERROR_WRONG_SDK_VERSION_OR_ERROR_TRANSMISSION, com.ayudevice.ayusynksdk.ble.ota.FwUpgradeConsole.FwUpgradeCallback.ERROR_UNKNOWN}" />
    </annotation>
  </item>
  <item name="com.ayudevice.ayusynksdk.ble.ota.FwUpgradeConsoleNucleo boolean loadFw(int, com.ayudevice.ayusynksdk.ble.ota.FwFileDescriptor, long) 0">
    <annotation name="androidx.annotation.IntDef">
      <val name="value" val="{com.ayudevice.ayusynksdk.ble.ota.FirmwareType.BLE_FW, com.ayudevice.ayusynksdk.ble.ota.FirmwareType.BOARD_FW}" />
    </annotation>
  </item>
  <item name="com.ayudevice.ayusynksdk.ble.ota.FwUpgradeConsoleNucleo.UploadFileProtocol byte[] prepareLoadCommand(int, long, long) 0">
    <annotation name="androidx.annotation.IntDef">
      <val name="value" val="{com.ayudevice.ayusynksdk.ble.ota.FirmwareType.BLE_FW, com.ayudevice.ayusynksdk.ble.ota.FirmwareType.BOARD_FW}" />
    </annotation>
  </item>
  <item name="com.ayudevice.ayusynksdk.ble.ota.FwUpgradeConsoleNucleo.UploadFileProtocol void loadFile(int, com.ayudevice.ayusynksdk.ble.ota.FwFileDescriptor) 0">
    <annotation name="androidx.annotation.IntDef">
      <val name="value" val="{com.ayudevice.ayusynksdk.ble.ota.FirmwareType.BLE_FW, com.ayudevice.ayusynksdk.ble.ota.FirmwareType.BOARD_FW}" />
    </annotation>
  </item>
  <item name="com.ayudevice.ayusynksdk.ble.ota.FwUpgradeConsoleNucleo.UploadFileProtocol void onLoadFail(int) 0">
    <annotation name="androidx.annotation.IntDef">
      <val name="value" val="{com.ayudevice.ayusynksdk.ble.ota.FwUpgradeConsole.FwUpgradeCallback.ERROR_CORRUPTED_FILE, com.ayudevice.ayusynksdk.ble.ota.FwUpgradeConsole.FwUpgradeCallback.ERROR_TRANSMISSION, com.ayudevice.ayusynksdk.ble.ota.FwUpgradeConsole.FwUpgradeCallback.ERROR_INVALID_FW_FILE, com.ayudevice.ayusynksdk.ble.ota.FwUpgradeConsole.FwUpgradeCallback.ERROR_WRONG_SDK_VERSION, com.ayudevice.ayusynksdk.ble.ota.FwUpgradeConsole.FwUpgradeCallback.ERROR_WRONG_SDK_VERSION_OR_ERROR_TRANSMISSION, com.ayudevice.ayusynksdk.ble.ota.FwUpgradeConsole.FwUpgradeCallback.ERROR_UNKNOWN}" />
    </annotation>
  </item>
</root>

